VdK cXQ,Arials,332
LsREjtm,Hi bitch,655
iSEqXgnG,Arials,339
lqvxtVYz,Times New Roman,422
nhWPrA,Hi bitch,988
NyGrgRK,Hi bitch,532
MbuonULA,Hi bitch,899
dC crDw,Times New Roman,503
KMnUuJnz,Arials,36
uBade,Arials,545
HyirT tN,Hi bitch,620
lwyzh,Arials,738
JbPNtQpP,Hi bitch,760
tomDpx,Hi bitch,753
slNhacIN,Hi bitch,618
fXzdtQYr,Arials,461
FhXTeF D,Arials,557
FUIxmkkk,Hi bitch,771
tCrzxvi,Arials,719
LgJvpw,Hi bitch,501
lKYZiUW,Hi bitch,786
ImrYKUx,Arials,275
sZDCS,Times New Roman,674
TFveVAr,Times New Roman,897
etlnY,Arials,135
gXhsdIY,Arials,816
FqJNhx,Times New Roman,561
wWwQyF,Hi bitch,957
olnpzCy,Times New Roman,463
ccMKrfn,Times New Roman,319
WWUHdsdg,Times New Roman,878
zoXJMiy,Arials,684
JiVIEpKR,Arials,384
St lRxBr,Arials,408
APoYp,Hi bitch,190
eubVwYx,Times New Roman,705
sSgBAio,Times New Roman,80
YIhJbFZv,Arials,928
wsEqw,Arials,272
cdFVsx,Times New Roman,831
delfG,Times New Roman,817
tsoHah,Times New Roman,170
WAddo,Times New Roman,357
Hxqvk sg,Arials,210
qVXuJ,Arials,956
DeRBEviY,Hi bitch,123
jmogkbmp,Times New Roman,724
RlIEcgim,Arials,63
GfCRq,Times New Roman,732
SzAMX,Arials,966
UsbqP,Times New Roman,371
yuOQFV,Times New Roman,752
EnpsAhCF,Arials,659
whmoTaO,Times New Roman,416
GeYKDc,Arials,710
KLohgsq,Arials,76
EuuDyht,Times New Roman,755
YFW wDK,Hi bitch,200
JsaVxU,Times New Roman,588
r  QyV,Times New Roman,725
NrguBuP,Arials,548
GnxEe,Hi bitch,218
G sMNZ,Arials,390
AaUcG,Hi bitch,32
AWziZ,Times New Roman,597
SLAtl,Hi bitch,775
lGEpCICH,Hi bitch,344
OisqYu,Times New Roman,51
O Hgkfl,Hi bitch,21
JYTpnV,Arials,54
coSBpu,Hi bitch,422
esVEjKD,Times New Roman,802
cVhkAmE,Times New Roman,291
ArIGRp,Hi bitch,689
WhgsWJ,Times New Roman,553
SgJBxYz,Arials,374
nCuAg,Hi bitch,300
icVKArSR,Times New Roman,2
lywRN,Arials,67
ucDvY,Arials,244
tiUwgqts,Times New Roman,331
BOrSEcI,Hi bitch,186
gZrNwp,Times New Roman,724
NpuaPz,Arials,434
biYBugQR,Hi bitch,957
dWqCUT,Times New Roman,832
qiqPkzCD,Hi bitch,282
RRdNz,Hi bitch,494
WNSTFo,Hi bitch,745
BbMPBDF,Hi bitch,919
wNufowiN,Times New Roman,128
mxNPBx,Arials,77
kXoTs,Hi bitch,229
OBT EGns,Hi bitch,179
AJYBAS,Times New Roman,196
qSaMEj,Arials,906
kpvGSXFW,Arials,102
xobyL,Arials,637
BOYWE T,Times New Roman,903
zVACJ,Times New Roman,319
tVVjY,Hi bitch,972
bkvuqm,Hi bitch,516
XUIIJOc,Hi bitch,929
qacfT,Times New Roman,50
qHrckUys,Times New Roman,771
pMUSG,Hi bitch,705
HDBLYRaM,Hi bitch,12
G B owp,Arials,711
unPMSrk,Arials,600
uHTMEGhY,Hi bitch,253
oBLSDk,Arials,224
PvCvCdGw,Times New Roman,253
WmWAIRT,Times New Roman,465
bRrIwa,Times New Roman,875
yJGkFNIU,Times New Roman,634
lyNqNta,Times New Roman,242
BccsBKzR,Arials,130
" xFsTtsg",Arials,7
gUpkGDC,Times New Roman,189
nNiLX,Arials,551
DfJLS,Times New Roman,595
pHoWhOj,Times New Roman,319
xUYkri,Times New Roman,79
sBdX ZXk,Arials,718
SiajLkY,Times New Roman,41
fsNVa,Hi bitch,599
nKxhAdH,Times New Roman,532
dBqjY,Hi bitch,942
KDQevo,Hi bitch,211
PMbDc,Times New Roman,142
uSYCT,Hi bitch,694
TrVmpqj,Hi bitch,290
UPKwHiRj,Times New Roman,123
TKzLL,Times New Roman,852
QBWlAA,Hi bitch,849
OvItGKQb,Hi bitch,725
"QNYVI ",Times New Roman,382
avm Ri,Hi bitch,818
VhzXa,Times New Roman,408
EFQEvkV,Hi bitch,887
utHwzby,Hi bitch,132
AdHMb,Arials,671
mbHdRN,Hi bitch,531
KGoHku,Times New Roman,991
pEztRU,Arials,474
JKOgOmEK,Times New Roman,164
ACIRNNuE,Times New Roman,382
oXLPWmi,Times New Roman,984
sxBeI,Times New Roman,974
TFGpNm,Arials,229
ygryH,Hi bitch,524
qqJUJHu,Arials,693
pZFxIY,Times New Roman,17
koYnFs,Hi bitch,120
ffqou,Hi bitch,5
hXxJuZMu,Hi bitch,303
QEJrhSc,Hi bitch,349
mqgQq,Times New Roman,277
bsyzU,Hi bitch,51
TjIIor,Times New Roman,79
hyw Ux,Hi bitch,326
ohOzdPl,Hi bitch,192
FgFojurV,Hi bitch,617
zeiLRI,Times New Roman,791
EfGIN,Arials,26
jTbnwqW,Hi bitch,891
QInRmr,Hi bitch,431
FrnXgQP,Times New Roman,391
mUlnBBZ,Times New Roman,430
CnieNZm,Times New Roman,319
VmeSHIWy,Times New Roman,11
VFQadEoI,Arials,472
VncpLlz,Arials,442
NuDnuQC,Hi bitch,911
CwNTfJMg,Arials,561
kiSpQm,Hi bitch,724
WGDJMBZP,Arials,865
PziYx,Times New Roman,499
HDBNpJa,Times New Roman,773
vBnBYZ,Times New Roman,102
LvroYATH,Times New Roman,372
terynL,Arials,230
jIdYw,Times New Roman,397
RRHZGHh,Arials,644
mBsBzCBb,Arials,134
Wi hi,Times New Roman,143
FdeNRCaP,Hi bitch,36
ydshgQo,Times New Roman,814
Xxwvf,Arials,573
RoYOEp,Arials,147
ZZMec,Hi bitch,278
xDoHy,Times New Roman,530
IlaHjkyR,Times New Roman,435
RRapUgiM,Arials,470
yQOdT,Arials,103
vyFXnWP,Times New Roman,681
MtzEdHv,Arials,507
fZChSfd,Times New Roman,258
fFmIF,Arials,884
UbAsjn,Arials,912
aCOsyj,Hi bitch,974
RjJClnms,Hi bitch,720
iNwqe,Hi bitch,652
ZPRXjXs,Arials,125
lSZeEum,Hi bitch,185
Zjphh,Arials,666
TGjBo,Arials,467
uVcMyASR,Arials,425
DEsWxukl,Arials,924
MyoJu,Hi bitch,995
aG nKqXT,Hi bitch,612
AMwOtCh,Times New Roman,325
hGbQPVf,Times New Roman,941
GZLvkGc,Times New Roman,976
IQgfK,Hi bitch,289
YBCqWxwz,Times New Roman,957
" SrgYLI",Arials,341
aUJyFV,Times New Roman,843
NtBgMws,Arials,503
KDMnwdV,Hi bitch,835
YACOr,Arials,729
IpnqdzNh,Arials,985
PeGVjMBG,Hi bitch,698
jDNgvH,Hi bitch,366
qsYQtZ,Arials,344
XNpzc,Arials,489
wtqzf,Times New Roman,731
PhOdfL,Times New Roman,450
ptRaB,Times New Roman,805
FxuxnxJp,Hi bitch,505
wchmtVZA,Hi bitch,763
EJbtx,Times New Roman,97
E CTPqsZ,Times New Roman,967
KhjKk,Times New Roman,879
PpPYVjN,Times New Roman,1000
avJaTxNr,Times New Roman,651
UYXlAEM,Arials,336
gpeHb,Arials,516
hnwvcsoF,Arials,956
XCCqwt,Arials,48
UsLLeT,Arials,57
POLMtTD,Hi bitch,487
AWdGGml,Arials,645
CYegA,Arials,263
rWnYh,Arials,8
OplQD,Hi bitch,678
IGdWX,Times New Roman,960
LKmPow,Hi bitch,750
UxVry,Times New Roman,956
LVSqTk,Times New Roman,439
oYEAr,Arials,720
faZgJa,Hi bitch,968
UpGRM,Times New Roman,19
bBzez,Arials,795
CswMw,Times New Roman,380
nwCOmnYy,Times New Roman,515
lTWaKH,Times New Roman,493
OOEAPDZ,Times New Roman,728
beEGpFO,Arials,147
iGgcdCSu,Arials,347
XWzgWjn,Hi bitch,638
qoGuygy,Times New Roman,336
sflNL,Arials,135
nuxRQe,Hi bitch,152
kcVoPI,Times New Roman,422
SXSSC,Times New Roman,560
g QTThTP,Hi bitch,948
hhtCoh,Hi bitch,728
htJftCKU,Times New Roman,246
xUMUgJnp,Arials,96
vhqLaH,Times New Roman,658
UCRPjqNb,Hi bitch,354
ccskEL,Arials,918
TDrtRdW,Times New Roman,61
IRAJVHVn,Hi bitch,506
dS FMM,Hi bitch,718
lahgKS,Arials,82
SiTMq,Hi bitch,967
cVHhK,Hi bitch,9
HqXWGjb,Hi bitch,55
OrwwQn,Arials,943
" CCua",Hi bitch,483
VWgxUMBL,Times New Roman,176
kvaapGl,Times New Roman,513
rBTzB,Arials,399
hGKHUy,Arials,374
nvuFu,Arials,267
DuzhjT,Hi bitch,999
xHUfyCWO,Times New Roman,343
iZxBUPf,Times New Roman,874
xpyMiqZ,Arials,367
FSxFal,Times New Roman,678
uVRZDa,Times New Roman,446
zKNIi,Arials,407
eUuae,Arials,663
ozYWW,Hi bitch,722
iCudY,Hi bitch,150
nshmqsF,Arials,893
NBvZwTez,Arials,1
JxNie,Times New Roman,629
JsOMoFW,Hi bitch,421
iZZ OFW,Times New Roman,917
SigNw,Arials,670
UTWvs,Times New Roman,126
wQVSRx,Hi bitch,199
BYRSBB,Hi bitch,249
OYKkguyH,Times New Roman,798
yfusgTeX,Hi bitch,733
fTMtJ,Arials,601
NCjNa,Times New Roman,457
"swnFf ",Times New Roman,620
uEPUikxw,Times New Roman,278
ZzYjFiK,Arials,47
cZozRU,Hi bitch,7
bNbeVxB,Arials,425
RKOZiVld,Times New Roman,2
vuLZUQ,Arials,571
svtou,Arials,751
"lBdZGTm ",Hi bitch,961
Qeesls,Times New Roman,72
xlMMpSL,Arials,544
hMWaD,Hi bitch,313
lnFIIN,Times New Roman,796
rScXH,Times New Roman,909
duffHH,Times New Roman,511
eCLQDQ,Hi bitch,841
uRRMXRl,Arials,61
HNUBhG,Hi bitch,466
JOqHQx,Arials,506
kahPi,Arials,222
Szbmt,Times New Roman,463
zkxLg,Arials,294
bSvdTJ,Arials,402
ksPWzk,Arials,105
xBVud,Times New Roman,623
bXxLXdFd,Hi bitch,986
XFifLJtc,Hi bitch,807
DgI KP,Arials,807
lCZCL,Times New Roman,519
iLBJd,Times New Roman,582
gSxHUs,Arials,201
oabiP,Hi bitch,640
twVLNkm,Arials,915
oGADiwG,Hi bitch,581
QbjdzQ,Arials,404
oLoMmA,Arials,20
UsJCDeW,Hi bitch,758
GpZgmc,Hi bitch,863
zSFjPM,Times New Roman,11
uWBWYrv,Arials,260
QgYLwK,Arials,768
EojdSS,Times New Roman,507
uAerW,Hi bitch,745
ATq JcF,Arials,334
wwBoI,Arials,520
" UrncSe",Arials,701
gbLSMNQi,Arials,741
AKtuEAVW,Times New Roman,708
FKHnnEnT,Hi bitch,82
ePIqpmW,Arials,146
pigSzW,Times New Roman,646
CbpzyMXm,Arials,757
iTUJLSfi,Arials,704
yaqNkz,Times New Roman,840
KNLUtKXB,Times New Roman,453
fFhoo,Times New Roman,290
EUJZn,Times New Roman,507
RcNpDF,Times New Roman,931
cagGPMs,Hi bitch,163
WzSfzzaD,Arials,217
TBVgCrc,Times New Roman,308
ECUvLL f,Hi bitch,814
WaDIVAo,Hi bitch,3
Uarpz,Times New Roman,473
oqCXb,Arials,128
CIQucWpu,Arials,531
NxtTkq,Hi bitch,47
tSIlL,Hi bitch,386
axAQQ,Times New Roman,825
GFglVd,Times New Roman,807
YI RxaJ,Times New Roman,397
oiMHMh,Arials,893
XMVpEmG,Times New Roman,484
ucUgYLR,Hi bitch,563
pantMURA,Hi bitch,254
bTdnHP,Hi bitch,599
JbOzn,Times New Roman,192
rAsvqTKR,Arials,39
qpsTKhig,Arials,696
JtDvtI,Hi bitch,174
qliXlx,Times New Roman,275
lQjRVfFu,Arials,596
tgyJSGIw,Arials,998
HB CNFX,Hi bitch,454
WPsfRoP,Hi bitch,11
VzKsHY,Times New Roman,790
Sqftkzn,Hi bitch,185
vPBeYmLo,Times New Roman,283
jmFEh,Hi bitch,931
lMLsvJ,Times New Roman,79
DACKJg,Times New Roman,779
IXS g,Arials,3
DqahvRo,Times New Roman,530
VAaIGH,Hi bitch,646
wVDefm,Hi bitch,725
XYcTzA,Arials,974
mXsUuj,Arials,243
WeiLA,Hi bitch,835
"yEcob ",Arials,879
"KDOL ",Arials,992
WMqDKy,Arials,230
lmOF oq,Arials,684
ndABnucw,Times New Roman,208
lScXP,Arials,894
GcIxC,Hi bitch,174
dRl b,Arials,188
hAMpMDwe,Times New Roman,588
ItIawsQi,Arials,671
RrmUkg,Hi bitch,838
zVFocGz,Times New Roman,242
YHLflgEf,Times New Roman,18
TEfjdZB,Hi bitch,364
BoaFMuC,Hi bitch,328
CrkHEG,Hi bitch,82
NjCvHro,Times New Roman,72
RemiuV,Arials,980
nVjnFPBf,Hi bitch,50
NiPQcjEK,Hi bitch,805
DpOpptBx,Hi bitch,857
joBIFL,Arials,466
YreSdKN,Hi bitch,210
RIJnlo,Arials,958
IlSsD,Hi bitch,433
hzZLidWM,Arials,57
VpLNfxT,Times New Roman,287
MuzyTyiR,Hi bitch,957
LBRblwr,Hi bitch,297
PXaXC,Hi bitch,417
"GPVl ",Hi bitch,750
izJYLY,Hi bitch,635
lDumt f,Times New Roman,64
AAFpYkX,Times New Roman,66
Iz yEsOG,Arials,982
" sWGlEyA",Arials,976
xGUJe,Hi bitch,871
BUOfDmv,Arials,406
BkNyE A,Hi bitch,986
qDEKoZLs,Arials,41
TgUBRC,Times New Roman,287
lMRCL,Times New Roman,839
uEnnJqCq,Times New Roman,126
xwtNX FX,Arials,740
NizoVDD,Hi bitch,457
sVVWquIa,Hi bitch,776
CJ chzX,Times New Roman,136
TGraI,Times New Roman,273
uJgEdY,Hi bitch,987
VYvFOG,Arials,942
yChyJ lf,Times New Roman,596
BdvfZex,Arials,269
wUVnEYo,Arials,465
QFdUyWCX,Hi bitch,935
VS sREW,Hi bitch,136
UKVlfGb,Arials,28
EclG vM,Hi bitch,152
iFPfjEnQ,Times New Roman,857
RnzKmC,Arials,286
aWaMnQdg,Arials,760
nCoAQ,Times New Roman,45
poWamxaY,Hi bitch,171
nPBVWZa,Hi bitch,458
LhAFvbLQ,Arials,909
RUPRVDww,Arials,143
vb iRJiY,Hi bitch,715
KmdZfx,Times New Roman,250
AwOJfP,Arials,483
PFbOTO,Hi bitch,819
LtXmxaL,Times New Roman,751
hMBLo,Times New Roman,844
cqQJI,Times New Roman,174
xYkhBU,Hi bitch,861
HKNtRGn,Times New Roman,217
DbFUHAy,Times New Roman,630
icSzKg,Hi bitch,126
LabWY,Times New Roman,745
cqJNOzc,Times New Roman,606
GqgeMwuV,Hi bitch,457
PZUaYrB,Hi bitch,257
mm xplw,Arials,892
FLjEb,Times New Roman,836
JTahMtvK,Arials,826
" KgivR",Hi bitch,910
ny VSy,Hi bitch,54
rWeyyS,Times New Roman,210
KXjeN,Times New Roman,3
aYUlbi,Hi bitch,739
mcncIm,Hi bitch,271
KIQCrX,Hi bitch,264
"ZACs ",Hi bitch,876
hikYVtMK,Arials,356
QxeCFCx,Arials,838
cloxZTo,Arials,270
mpkwHqc,Times New Roman,425
fCSzCdh,Hi bitch,760
gVlFF,Times New Roman,155
bmlLwMu,Arials,637
RRkwHmZq,Times New Roman,795
E pEX,Arials,731
RebrkXs,Times New Roman,395
HiQXd,Arials,549
SUXAu,Hi bitch,882
yvzqng,Hi bitch,908
SiVgPmsi,Hi bitch,624
qCcGdl,Times New Roman,608
GlUVgTs,Hi bitch,538
fxIAf,Hi bitch,543
iQIdRX,Arials,133
rNBoUL,Arials,82
gCUX GH,Arials,982
" Ajdoyk",Hi bitch,865
AvzIZWb,Times New Roman,147
cHtFwHc,Hi bitch,511
GiJghD,Arials,804
lkNqjtd,Times New Roman,918
hKVCRhxe,Hi bitch,108
iAzKFYt,Times New Roman,143
zLvH X,Hi bitch,460
"qmVfLE ",Arials,680
SEUHXXV,Hi bitch,514
" swatFr",Times New Roman,983
gLpXv,Hi bitch,35
OKhPik,Arials,253
QMRlZU,Arials,300
yzVPevLr,Hi bitch,134
IhJoqhBi,Arials,342
swPwu,Arials,408
wGXrn,Arials,462
CLZvPfs,Hi bitch,583
MqiJxbN,Hi bitch,496
eLhebi,Times New Roman,732
SaSJvZdd,Arials,921
GXKAvH,Arials,804
eJDmIKd,Hi bitch,240
hzfrI,Arials,735
LxjTgf,Hi bitch,380
OzfLff,Times New Roman,574
MvePdjxT,Times New Roman,341
C isN,Arials,760
BWMRfIvm,Arials,883
swVkI,Times New Roman,859
agRLDUbl,Arials,588
CklYp,Arials,590
mpiRUdJ,Arials,995
lbSeoc,Hi bitch,63
KUqQqlV,Hi bitch,722
XbCyN,Hi bitch,945
ycLvn,Hi bitch,457
mzZtL,Times New Roman,217
AblMyF,Hi bitch,439
hKhUxND,Hi bitch,752
MkYjY,Times New Roman,959
DTLtFc,Times New Roman,401
KcAFaFq,Times New Roman,408
MFXduRE,Hi bitch,597
Ut arp,Hi bitch,55
GZBYD,Hi bitch,545
UsKUauA,Arials,94
RqECiPQi,Hi bitch,294
KzcQmn,Times New Roman,967
nQTZI,Times New Roman,406
suN ke,Hi bitch,12
YXKRc,Times New Roman,536
GYMgBa,Times New Roman,645
PzPBTr,Arials,124
aykKz,Times New Roman,76
gvlCZ,Times New Roman,713
zBCEY,Arials,845
LvsUWEv,Arials,66
xYxHUP,Arials,158
QlBJF,Hi bitch,999
WpgG  f,Times New Roman,693
nkhNHu,Hi bitch,862
zyFtD,Hi bitch,516
pAql nfj,Arials,464
Rc IU,Hi bitch,882
jUsFTj,Times New Roman,945
OEGoD,Times New Roman,582
TeHRzDKj,Arials,441
ZgznpI,Arials,890
dZATlzP,Hi bitch,518
a nudqjW,Arials,547
gzBhwsDa,Hi bitch,424
"OFVro ",Hi bitch,468
OkVGpbn,Arials,395
bGFXdYJ,Hi bitch,60
QYwEVXr,Arials,110
BzNQug,Hi bitch,171
xeHpiR,Arials,15
filhY bt,Arials,305
" BraPxnv",Arials,668
SnuEESZx,Hi bitch,775
ZOMRE,Arials,495
EKVavnN,Arials,740
hfQyrBRN,Times New Roman,994
T ZZXt,Times New Roman,385
TzepAuea,Times New Roman,100
SgYoNMnG,Hi bitch,257
XZCCXz,Arials,886
utjhh,Hi bitch,779
ZHcTLyhP,Arials,724
tMcoGoX,Arials,840
rW FnmEq,Arials,465
kdplRck,Times New Roman,793
CiVAELs,Times New Roman,986
gvdroh,Arials,215
NubNhyq,Arials,630
ePNEYA,Arials,94
uVMtIGdv,Hi bitch,251
ZgDbj,Times New Roman,198
JtgQRDqn,Times New Roman,695
"WDr  ",Arials,760
YrjJd,Times New Roman,231
nhwFncOr,Hi bitch,939
pRloLTCM,Times New Roman,218
yrGPhYs,Arials,772
tmBPqFYr,Arials,311
BdFsSph,Times New Roman,881
pl FCmq,Times New Roman,802
pTkWE,Hi bitch,23
ghduB,Hi bitch,595
shGnYe,Hi bitch,784
BtyqRK,Hi bitch,144
nIlUs,Hi bitch,204
OFllMaLQ,Arials,711
UuaLMs,Arials,725
nbfDBiNG,Arials,279
kLeaBEF,Times New Roman,20
vyivE,Times New Roman,408
SoWztCa,Hi bitch,110
nfyWwW,Hi bitch,475
ZpGIDS,Hi bitch,26
lraCD,Arials,263
VdGzaOfv,Arials,280
JemyOJd,Arials,826
gLknYbN,Times New Roman,596
pjnLO,Hi bitch,620
ytXAwCB,Times New Roman,400
Ilebf,Times New Roman,707
rkpOLS,Times New Roman,728
UtCoc,Arials,907
NAsFDPVy,Arials,706
PkYFIdd,Hi bitch,506
mlzxf sS,Times New Roman,104
OIQyqj,Arials,382
CUiIHuH,Times New Roman,230
QKPUve,Times New Roman,624
zKQDyB,Hi bitch,581
OXuCCa,Times New Roman,429
ZFPpnSY,Times New Roman,411
d CCngCC,Arials,903
euxuY,Arials,548
xUPKpCwh,Hi bitch,830
fumUvKF,Hi bitch,560
EkiIdfR,Times New Roman,650
wZiwQD,Arials,901
xGdMj,Hi bitch,493
ohBLt,Times New Roman,793
nJgyH,Hi bitch,684
cVCCMIOi,Arials,619
yvNpmM,Arials,649
XNySXax,Hi bitch,716
mBscXh,Times New Roman,239
lRhNB,Times New Roman,679
opoMcYu,Times New Roman,696
U EDc,Times New Roman,190
Ni qKPe,Hi bitch,155
qkmQrSpg,Times New Roman,846
iJcYI,Hi bitch,4
bkVRYno,Arials,111
fisgsiz,Arials,183
ToSWS sV,Times New Roman,529
yqnbYgAi,Arials,370
HFFXCi,Times New Roman,894
gpnMnbpu,Arials,238
XoYIb,Times New Roman,498
CozUElSg,Hi bitch,918
CWYXB,Times New Roman,769
e syIdS,Arials,873
xcsAG,Arials,552
J EJfaQo,Times New Roman,620
rrnEug,Arials,296
PSeODwAm,Times New Roman,247
xzSPGc,Hi bitch,116
MfyvpE,Arials,414
tRZmDllR,Hi bitch,920
cEWHAoG,Times New Roman,730
CxdqL,Hi bitch,589
xUZkf,Times New Roman,246
xDwYsSob,Arials,765
qpqzu,Times New Roman,351
ZyuG HJO,Times New Roman,597
HFNca,Arials,78
KhFWk,Times New Roman,32
boVkYio,Hi bitch,532
McfPek,Arials,278
"TNLDidw ",Hi bitch,83
lojufL,Times New Roman,395
WCFwHPM,Times New Roman,380
OyWMO,Hi bitch,798
kXkJbdB,Hi bitch,762
jebKSbFF,Arials,588
BxGzS,Hi bitch,202
AdOvB,Times New Roman,771
KOUMx,Times New Roman,759
UXZFYJzG,Hi bitch,898
kAtBw,Arials,834
havnj,Times New Roman,429
zZtikh,Hi bitch,51
yaJxL,Arials,834
ZezCAC,Arials,285
xPysQ,Arials,434
GXzuubr,Hi bitch,574
LNnLWx,Arials,221
MfNaJk,Hi bitch,515
wUBUFk,Times New Roman,247
C EzAy,Times New Roman,17
"pFTA ",Hi bitch,655
fDGFI,Hi bitch,701
RnMOzjQy,Arials,701
aBjqx,Hi bitch,369
JCraQSFQ,Times New Roman,344
FHQiLKV,Arials,301
GfVJg,Times New Roman,215
aeETD,Hi bitch,266
qsxvbsqL,Arials,399
QGiJT,Times New Roman,356
diBJpb,Times New Roman,132
lyqEZZa,Times New Roman,443
XXIohm,Hi bitch,854
IEDIa,Arials,57
cpuEwH,Times New Roman,20
eOODt,Times New Roman,643
oLryPcH,Times New Roman,663
XuRKV,Arials,551
bxotgp,Arials,507
TErtyJp,Hi bitch,215
UiufmN,Times New Roman,838
Y  xeJ,Times New Roman,184
sihOp,Arials,913
FLVaJgqr,Arials,308
fuycaXRR,Times New Roman,466
LXI N,Arials,178
guJDo,Arials,466
WBRpM,Times New Roman,886
HYUnzTj,Hi bitch,512
ZUHbQciN,Hi bitch,248
" yVFbJs",Hi bitch,494
NaxhMTHB,Arials,398
TMqmh,Arials,489
UdyJbMTc,Arials,361
ubmZLS,Times New Roman,918
vCdhRE,Times New Roman,693
"MeIPgdD ",Arials,356
JCvnyPQP,Hi bitch,479
"l vz ",Arials,929
pCrvNj,Times New Roman,342
dmLkdxcY,Hi bitch,215
YVTKFDD,Hi bitch,151
xwoYx,Arials,315
KTyDV,Arials,789
" LRNwE",Hi bitch,563
URZtXW,Hi bitch,427
APHiVPxt,Hi bitch,633
UMpq eeF,Times New Roman,822
mpZRRwR,Arials,538
JXVdNAbc,Arials,844
I hEs,Arials,396
PVxgyLj,Arials,112
sXrcn,Hi bitch,577
qozXP,Arials,861
"ohGK ",Arials,666
bWqRr,Arials,172
OLqjKujE,Times New Roman,839
nahHqlGN,Times New Roman,378
KvirF,Times New Roman,266
UogXxPzq,Arials,634
"FMVwm ",Times New Roman,671
NVxVrVk,Times New Roman,805
Pg Jnpkr,Times New Roman,815
jozFPL,Times New Roman,161
uzkHKnhd,Times New Roman,407
btLrQuOD,Hi bitch,926
jGkbIE,Hi bitch,410
NfHPl,Arials,693
pcBYn,Arials,705
uVynUYqN,Arials,963
hvIhaxe,Hi bitch,659
WkRFu,Arials,667
SugYxD,Arials,8
GqwHRH,Hi bitch,956
RHvqFaSZ,Hi bitch,274
XDvaCk,Hi bitch,819
gGeTsWL,Times New Roman,861
hJTciuT,Hi bitch,318
fyzkq Tr,Hi bitch,21
MMlWh,Times New Roman,106
cK CCKZz,Arials,995
FwHlJRkh,Hi bitch,209
ZINMNTE,Arials,77
UKBmoLw,Arials,493
" zOsi",Times New Roman,159
uhqmz,Arials,503
zCYXWteR,Hi bitch,621
"Jbiwr ",Times New Roman,780
UdEIEpa,Arials,524
lkBQLuKn,Arials,225
rAXEr,Times New Roman,149
kILyOZ,Arials,809
tVIEw,Hi bitch,733
MFAPTNK,Times New Roman,308
CoXcprzk,Hi bitch,341
HH  OD,Hi bitch,564
ERjHGwP,Arials,790
TGOLXXxB,Arials,662
ixSdm,Times New Roman,98
LqLgL,Arials,759
mIdFRYn,Times New Roman,584
LxeCBc,Arials,244
bLAOKeX,Hi bitch,182
"GMWoYI ",Arials,681
sIgFLP,Times New Roman,176
mKFfaJ,Arials,537
DiYrHcF,Arials,300
" SnxG",Times New Roman,598
AvPNEKI,Times New Roman,651
KbjgM,Arials,83
lluFvi,Hi bitch,635
mIwfRdrA,Arials,631
UaWOKE,Hi bitch,309
znSfGt,Times New Roman,506
cAcPhYD,Hi bitch,411
digFfa,Hi bitch,324
FSiCv,Arials,449
IYefImYz,Times New Roman,994
UkWqS,Hi bitch,405
PxGfGeS,Hi bitch,181
xkDgd,Times New Roman,81
ORLuI,Hi bitch,70
bOykO,Arials,95
cyqICW,Arials,519
JgNwSxE,Arials,650
WIolWzwp,Arials,393
cB Vz,Arials,713
FxQpoPK,Times New Roman,714
WPRYYk,Times New Roman,842
XXuKpc,Hi bitch,199
fNt JB,Hi bitch,895
YGmurgC,Times New Roman,538
NFBiwe,Times New Roman,163
QAnNhsmP,Hi bitch,871
hfZFM,Hi bitch,705
fJqjt,Times New Roman,80
GtLjsdV,Hi bitch,962
EWx pYy,Hi bitch,407
HaPEob,Times New Roman,872
wHqkF,Times New Roman,487
lNqeC bC,Hi bitch,914
nOzbNl,Hi bitch,456
bfNtzGqp,Arials,451
N bljwxr,Hi bitch,467
uNxoE Yq,Arials,662
xUjwkd,Hi bitch,152
ASIUaQZR,Hi bitch,472
UNFVYe,Times New Roman,179
iDqylhNv,Times New Roman,112
JEWNKvSb,Arials,881
ZXTuOH,Times New Roman,770
SBvKB,Times New Roman,554
LLIqSqc,Hi bitch,126
IIeuERY,Times New Roman,859
leHyL,Times New Roman,575
BlgwDoPq,Arials,643
"xcqc ",Hi bitch,90
FcWjLGUt,Arials,109
IDSuIAWJ,Times New Roman,882
QiRsj,Arials,107
LHqWdm,Times New Roman,431
OAPOSb,Hi bitch,354
aqtSCPVe,Times New Roman,7
VRiDhAS,Times New Roman,685
kICyEvG,Times New Roman,461
rqhSB,Arials,196
YCRqeMuB,Hi bitch,146
" Eqoo",Hi bitch,658
VUekLUXe,Hi bitch,33
AEDGXkOm,Hi bitch,557
zjTLYEaF,Times New Roman,288
afiH q,Arials,834
EwXiQ,Times New Roman,194
aNkcZe,Times New Roman,347
mnlsq,Hi bitch,985
wOOLhfss,Times New Roman,501
aDuFO,Hi bitch,8
YAbKEDzc,Arials,136
KNznHmQ,Arials,560
IAAlcy,Times New Roman,601
hgXudta,Times New Roman,439
lDFkfVk,Arials,21
FJJjrni,Arials,956
wXbdCQxB,Arials,365
pJOgWoD,Hi bitch,461
AyZ s,Times New Roman,547
FKARPJY,Times New Roman,43
zkGzRg,Times New Roman,452
oJCvwriU,Arials,47
" YHiRiy",Arials,915
jRYUadj,Hi bitch,576
FEiCTlNd,Times New Roman,991
zCzXnH,Hi bitch,29
znGBRw,Hi bitch,373
hd jUDmL,Times New Roman,469
NQDLgu,Times New Roman,790
yXtIOih,Times New Roman,933
Y aeiN,Times New Roman,295
hjvJrAZH,Hi bitch,581
fNxyybRw,Hi bitch,241
mirmOI,Arials,475
oIAWw,Hi bitch,823
oWOBsjvh,Times New Roman,63
" rSAI",Arials,404
RiCdD,Times New Roman,805
zcKOjHXx,Arials,632
UEUYoj,Times New Roman,954
" EbgO",Hi bitch,910
LhLbCV,Hi bitch,100
SjLXNhCQ,Arials,560
qDqmtt,Hi bitch,457
NdXNRT,Arials,53
Apet bjM,Arials,271
AMWWpsx,Arials,765
HSLCz,Times New Roman,291
"XhANiJk ",Times New Roman,175
QIeDKci,Hi bitch,299
EUEI Lv,Hi bitch,54
EeKOH,Times New Roman,722
uuXFjLgN,Arials,444
WThXAEGS,Hi bitch,843
AefYXu,Hi bitch,404
LTBkXsI,Times New Roman,368
yxSPFlJd,Times New Roman,93
fPogm,Times New Roman,303
WMTRlVr,Times New Roman,383
PrzzUVHv,Hi bitch,339
PaDnsGdy,Hi bitch,111
EogEAs,Hi bitch,56
jXWjfPP,Arials,565
HhRizy,Times New Roman,564
" CrHLca",Arials,401
xLgXUOU,Hi bitch,141
iJBMT,Times New Roman,780
CjHEWcb,Arials,619
qwoltM,Times New Roman,893
GuYAiHP,Times New Roman,470
"CrzBw ",Hi bitch,391
xkjVOOG,Hi bitch,46
GRfpwImr,Times New Roman,785
QCOW cn,Times New Roman,172
OFTHGaRg,Times New Roman,768
YvslP,Hi bitch,621
EMBVwkND,Hi bitch,224
RORAdWTr,Times New Roman,913
uamRm,Hi bitch,66
ZgsQBy,Times New Roman,768
JEjypcvk,Arials,800
iGHSZrWZ,Arials,985
nAiFs,Arials,410
bwNtP,Arials,986
HFhec,Times New Roman,933
JEIblAy,Arials,292
VSURu,Hi bitch,430
YAdnEI,Times New Roman,295
vLRweWFO,Times New Roman,881
KXqyprk,Hi bitch,632
LjwawZvI,Hi bitch,428
EehWORM,Arials,353
JXZpoNll,Times New Roman,580
mQEhUlJ,Arials,821
nWKeNl,Times New Roman,76
mx Pkzk,Arials,856
aWXxze,Hi bitch,730
FhOAPMR,Times New Roman,578
jgUmRSM,Hi bitch,889
bpcEOXk,Times New Roman,129
ZUueifmS,Arials,720
xpduNbI,Hi bitch,897
lYlry,Arials,563
npeABc,Times New Roman,613
SstqZrI,Times New Roman,537
gmBcYYSy,Times New Roman,728
PWtulrJx,Times New Roman,373